{
  "accuracy": 0.9016381936353299,
  "precision": 0.9025294775432785,
  "recall": 0.9981058827212673,
  "f1_score": 0.947914576039367,
  "eer": 0.0899534632290999,
  "eer_threshold": 0.985248863697052,
  "confusion_matrix": [
    [
      469,
      6886
    ],
    [
      121,
      63761
    ]
  ],
  "evaluated_recordings": 71237,
  "checkpoint_epoch": 3,
  "checkpoint_dev_loss": 0.264881193021735,
  "checkpoint_dev_accuracy": 0.9043229753662856,
  "model_version": "baseline-cnn-v1"
}