{
  "accuracy": 0.8764686890239622,
  "precision": 0.9910319497931821,
  "recall": 0.870119908581447,
  "f1_score": 0.9266483287488538,
  "eer": 0.10411468302228119,
  "eer_threshold": 0.41575244069099426,
  "confusion_matrix": [
    [
      6852,
      503
    ],
    [
      8297,
      55585
    ]
  ],
  "evaluated_recordings": 71237,
  "checkpoint_epoch": 3,
  "checkpoint_dev_loss": 0.14380444558461786,
  "checkpoint_dev_accuracy": 0.9564482369988729,
  "model_version": "baseline-cnn-v1"
}