{
  "configuration": {
    "dataset_root": "C:\\Users\\shrey\\Datasets\\ASVspoof2019\\LA",
    "train_manifest": "C:\\Users\\shrey\\OneDrive\\Documents\\DS_ML\\ds-ml-internship-git\\AcousticSpace\\dataset\\manifests\\train.csv",
    "dev_manifest": "C:\\Users\\shrey\\OneDrive\\Documents\\DS_ML\\ds-ml-internship-git\\AcousticSpace\\dataset\\manifests\\dev.csv",
    "batch_size": 32,
    "learning_rate": 0.001,
    "weight_decay": 0.0001,
    "maximum_epochs": 3,
    "patience": 3,
    "seed": 42,
    "device": "cpu"
  },
  "epochs": [
    {
      "epoch": 1,
      "train_loss": 0.4928032041018736,
      "train_accuracy": 0.7606776989755714,
      "dev_loss": 0.3760102017562356,
      "dev_accuracy": 0.8546127837707294
    },
    {
      "epoch": 2,
      "train_loss": 0.328311748000653,
      "train_accuracy": 0.8692277383766746,
      "dev_loss": 0.7219604015499689,
      "dev_accuracy": 0.6835855739816454
    },
    {
      "epoch": 3,
      "train_loss": 0.23267349943201593,
      "train_accuracy": 0.9107565011820331,
      "dev_loss": 0.14380444558461786,
      "dev_accuracy": 0.9564482369988729
    }
  ]
}